,image_name,predict_label
0,truePundit.png,1.0
1,mikeFlynn.png,1.0
2,98f987d38e9dee5a3e8ba7f58b7bf358.jpeg,1.0
3,979f1e0c0f7a4a28b4e599cbe4773a67.jpeg,1.0
4,5f1d57f057eb99efd899e2e7ee609c16.jpeg,1.0
5,PrayingMedic.jpg,1.0
6,joy.png,1.0
7,4f31b54a8eb9e230beb5603811ca9e9f.jpeg,1.0
8,treasonNN.jpg,1.0
9,Screen Shot 2021-11-29 at 12.34.07 PM.png,1.0
10,14faef5e6164585c084d65fb66d59c78.jpeg,1.0
11,animals.png,1.0
12,352f9cfe882b88004416222e29a0c3ca.jpeg,1.0
13,PROSECUTION.jpg,1.0
14,421ba6b590f60e8ca14b864ef62b0937.jpeg,1.0
15,pedowood.png,1.0
16,DVKz6V5WsAE7dlR.jpg,1.0
17,auschwitz.jpg,1.0
18,5d6d1a20c321b.jpg,1.0
19,5de2353e5861c3e8761aa9716ad315b5.jpeg,1.0
20,6f0409035777444bd7c3fa2375b35bfb.jpeg,1.0
21,233c3e321d498b96f364d58a2cf66e0b.jpeg,1.0
22,DUPUIOkXcAAujr0.jpg,1.0
23,457c77c8aca6d28910efc5fdca8593f9.jpg,1.0
24,3lt141.jpg,1.0
25,twitterJail.jpg,1.0
26,7802c1ad8d9d953cc56467a61153d049.png,1.0
27,DUfigmUXUAIc8G5.jpg,1.0
28,isaid.png,1.0
29,noFlyNancy.jpg,1.0
30,617e0323ab4364598ed039374391489f.jpeg,1.0
31,racistVoting.png,1.0
32,9dddc8bc4a7ddcb26121709a2d814c12.png,1.0
33,maggie.png,1.0
34,obama-meme.jpg,1.0
35,098f8e5f97e5668547e70ad803e27923--macros-shake.jpg,1.0
36,bringPain.png,1.0
37,130e2c96006e88aa25cff6888c2ba510.jpeg,1.0
38,870dcfdca76f5c69f632740b79feaa30.png,1.0
39,8b0692fbb7b694714d9469223c3a365b.jpeg,1.0
40,389ae57e1c001ec78fc84a56eb86060b.jpeg,1.0
41,alldone.png,1.0
42,4dfaaeb44e80b2eba0dfcc7cea091419.png,1.0
43,321x1n.jpg,1.0
44,59c9852973f170df566f44bdbeb8e2b5.png,1.0
45,DTybzAlV4AE6vOx.jpg,1.0
46,10246724_747008182064474_2873398654888745189_n.png,1.0
47,Screen Shot 2021-11-29 at 1.10.27 PM.png,1.0
48,internalCivilWar.jpg,1.0
49,patriots.png,1.0
50,DUfydpRW4AA5WYF.jpg,1.0
51,Screen Shot 2021-11-29 at 12.32.59 PM.png,1.0
52,6fb33123bd09944b92fba03051ca17c9.jpeg,1.0
53,5981cf86210000a134fc9ca1.jpg,1.0
54,feminist-meme15.jpg,1.0
55,brown.png,1.0
56,875d93133ddba3e8ccadcadf4d164b5e.jpeg,1.0
57,4c3b26e6ed3741b4930ed8a0008ca534.jpeg,1.0
58,3296e4cea44ab2cd64470be83d474b20.jpeg,1.0
59,hypocrite2.png,1.0
60,bush.png,1.0
61,55aafefac7029dac59db3c9e767d842f.jpeg,1.0
62,0caa2605cd53a61310a948e08a9aedbc.png,1.0
63,precipice.png,1.0
64,faithhealer.jpg,1.0
65,pending.png,1.0
66,msm.png,1.0
67,34e0287d718d3b27f3fb78eae8c9a7eb.png,1.0
68,77.jpg,1.0
69,DVyzghSXcAEYXEX.jpg,1.0
70,13 - 1 (4).jpg,1.0
71,934723_10151576556353288_510915425_n.jpg,1.0
72,dancefail.gif,1.0
73,caught.png,1.0
74,killPeople.jpg,1.0
75,IMG_20131025_234649.JPG,1.0
76,billmaher.png,1.0
77,publicTrust.png,1.0
78,redwave.png,1.0
79,judgementComing2(1).jpg,1.0
80,f_CdmYQCq5Cb9Oz9LnWK2z78y3lqecSlGPptOgtMnm4.jpeg,1.0
81,13 - 1 (1)(2).jpg,1.0
82,IMG_20130922_122452.JPG,1.0
83,runningScated.jpg,1.0
84,factcheck.png,1.0
85,IMG_20130930_072645.JPG,1.0
86,great-gif-cool-yeah.gif,1.0
87,IMG-20130806-WA0002.jpg,1.0
88,DUpb46CU8AAzYL3.jpg,1.0
89,bad luck cat.gif,1.0
90,choochoo.gif,1.0
91,boxer dog.jpg,1.0
92,13 - 1 (2)(4).jpg,1.0
93,kek.jpg,1.0
94,giveusahug.gif,1.0
95,DUCZJ9SU8AAhtZi.jpg,1.0
96,IMG_20131014_094114.JPG,1.0
97,declas.gif,1.0
98,robin.png,1.0
99,team.png,1.0
100,democratDeath.png,1.0
101,IMG_20131003_075240.JPG,1.0
102,freeItaly.png,1.0
103,internet.png,1.0
104,tenor.gif,1.0
105,AoWGMGhCAAAPt2L.jpg,1.0
106,oct-14-2013-microsoft-has-announced-a-major-update-to-its-cellphone-software-to-reduce-distractions-for-drivers-it-s-part-of.jpg,1.0
107,fenisteET.png,1.0
108,IMG_20131104_194801.JPG,1.0
109,IMG_20131019_084259.JPG,1.0
110,deadcat.png,1.0
111,13 - 1 (4)(1).jpg,1.0
112,wwg1wga2.png,1.0
113,condoms.jpg,1.0
114,huberExexutioner.jpg,1.0
115,boomerang.png,1.0
116,13 - 1(4).jpg,1.0
117,awwyisss.gif,1.0
118,triumph.png,1.0
119,motivate-monday-18.jpg,1.0
120,magictowels.gif,1.0
121,FREEDOM.png,1.0
122,1239452_418348051618510_1968512327_n.jpg,1.0
123,emojis.png,1.0
124,kennedy.png,1.0
125,shutup.gif,1.0
126,pepeHuber.png,1.0
127,DTSb66eVwAAdqVy.jpg,1.0
128,MiosotisFamilia.PNG,1.0
129,topstory.jpg,1.0
130,homeofthebrave.gif,1.0
131,DT_eH7OWkAUXNyC.jpg,1.0
132,crimes.png,1.0
133,IMG_20130819_063406(1).JPG,1.0
134,owlsohnoshedidnt.gif,1.0
135,NUNES.png,1.0
136,13 - 1 (8).jpg,1.0
137,brennanTweet.png,1.0
138,touchmycake.jpg,1.0
139,w-h5AWjvi14Zyp49zyF8GFkrNQKWv7EH_MVpqnU_T0A.jpeg,1.0
140,d5.gif,1.0
141,timelineMaga.png,1.0
142,shakeweight.gif,1.0
143,timesquare.png,1.0
144,1376994362322.jpg,1.0
145,tumblr_muk850UI941qewacoo1_500.jpg,1.0
146,hypocrite.png,1.0
147,flyRuthFly.png,1.0
148,slamdunk.gif,1.0
149,IMG_20130909_064439.JPG,1.0
150,545236_167054743499530_582489408_n.jpg,1.0
151,IMG_20130926_174246.jpg,1.0
152,rff.png,1.0
153,newsweek.png,1.0
154,tumblr_mj0huzWn4Q1qdn1pno1_500.png,1.0
155,IMG_20131109_172200.JPG,1.0
156,coffee.jpg,1.0
157,darthfader.jpg,1.0
158,hey yew stop.jpg,1.0
159,553457522696362735_27366381.jpg,1.0
160,wtf.png,1.0
161,2013 - 1(2).jpg,1.0
162,13 - 1(13).jpg,1.0
163,tumblr_mt50jdU4Kn1qz7wfjo1_500.jpg,1.0
164,billion.jpg,1.0
165,reconnectJulian.png,1.0
166,proverbs.png,1.0
167,popeMay.png,1.0
168,journalists.jpg,1.0
169,AVERTED.png,1.0
170,train.jpg,1.0
171,LinuxYourWindows.jpg,1.0
172,HAIR.png,1.0
173,rapeChildren.png,1.0
174,bad luck cat(1).gif,1.0
175,2013 - 1 (1).jpg,1.0
176,IMG_20130801_080032.JPG,1.0
177,IMG_20131018_065023.JPG,1.0
178,attackhelicopter.gif,1.0
179,13 - 1(8).jpg,1.0
180,kitten_Upload.jpg,1.0
181,tomHanks.png,1.0
182,fbclassaction.png,1.0
183,lepain.png,1.0
184,moustachesarecool.gif,1.0
185,crumbs.png,1.0
186,manicattackHowDoSworks.gif,1.0
187,solarSystem.jpg,1.0
188,IMG_20131010_080917.JPG,1.0
189,DTEXsoVVoAAvIa5.jpg,1.0
190,ask.png,1.0
191,youKnewThat.jpg,1.0
192,B58OfDr4hH43bQeNYtXTET9SwaMCsiPfu1GnDg92s4A.jpeg,1.0
193,20.9.2013. - 1.jpg,1.0
194,joy.png,1.0
195,castle.png,1.0
196,repubText.png,1.0
197,catrollsoverfallsoff.gif,1.0
198,dealing with it.gif,1.0
199,13 - 1(9).jpg,1.0
200,4a0798f006acadddb3750d34342d3500.jpg,1.0
201,dog-birthday-party-funny_4678792424391268.jpg,1.0
202,IMG_20131002_222321.JPG,1.0
203,crying.png,1.0
204,veto.png,1.0
205,catattack.gif,1.0
206,h2JClux.jpg,1.0
207,dogs (7).jpg,1.0
208,2013 - 1(3).jpg,1.0
209,13 - 1(12).jpg,1.0
210,sarah.png,1.0
211,fired.jpg,1.0
212,IMG_20131022_072028.JPG,1.0
213,IMG-20130814-WA0008.jpg,1.0
214,envelope.png,1.0
215,DUaUHa7X4AAw-xB.jpg,1.0
216,IMG_20131018_064933.JPG,1.0
217,DUpTsCRUQAAqcAG.jpg,1.0
218,foudingOverthrow.jpg,1.0
219,IMG_20130928_131101.JPG,1.0
220,alison.png,1.0
221,IMG_20130913_112210.JPG,1.0
222,1001943_647932145239692_1005952937_n.jpg,1.0
223,tumblr_mrg244oF551qewacoo1_500.png,1.0
224,lawrence.gif,1.0
225,jackTweet.png,1.0
226,activated.png,1.0
227,nuremberg.jpg,1.0
228,CYNTHIA.png,1.0
229,iranDeal.png,1.0
230,DTsb4QZWkAALv7U.jpg,1.0
231,potatoheadpicasso.gif,1.0
232,sharkattackscat.gif,1.0
233,IMG_20131004_203736.JPG,1.0
234,7847_649853625033631_1019490562_n.jpg,1.0
235,leakerHRC.png,1.0
236,wcBnGUnTfmb14mCe-4Sm2E3sN9JJe5DVqoDL4USEUhc.jpeg,1.0
237,space.jpg,1.0
238,timeCover.jpg,1.0
239,DTlfgZQVoAAdldu.jpg,1.0
240,trumpRunning.jpg,1.0
241,zuckToileet.png,1.0
242,cynthia2.png,1.0
243,glasgow.png,1.0
244,DVxhCqMVoAAHh1u.jpg,1.0
245,tumblr_ms9cl95oEU1r3gb3zo2_400.gif,1.0
246,IMG_20131004_203536.JPG,1.0
247,13 - 1(5).jpg,1.0
248,i think ive fooled everyone.jpg,1.0
249,it-crowd-turn-it-off-and-on-again.jpg,1.0
250,aaaahhhh.gif,1.0
251,buzzfeed.png,1.0
252,DTw4ykNWsAAemC2.jpg,1.0
253,ruthDead.jpg,1.0
254,Chiquita-DM2-Minion-Bob-082813.jpg,1.0
255,indeedAd.jpg,1.0
256,muharrests.png,1.0
257,IMG_20131003_143708.JPG,1.0
258,sessions.png,1.0
259,tarmac.jpg,1.0
260,feds.png,1.0
261,skeltoncockneywalk.gif,1.0
262,IMG_20130915_084131.JPG,1.0
263,DUCwOmmVwAAnvvY.jpg,1.0
264,patriotsFight.gif,1.0
265,1209146_10151910358322840_1882518166_n.jpg,1.0
266,261443__surfing-white-in-life-buoys_p.jpg,1.0
267,bombdiveteleport.gif,1.0
268,bananacat.gif,1.0
269,1377640062385 (1).jpg,1.0
270,DVCZ2NnX0AEqhDD.jpg,1.0
271,13 - 1 (5)(1).jpg,1.0
272,IMG_20131002_224418.JPG,1.0
273,abesimpsoninandout.gif,1.0
274,IMG_20130804_140942.JPG,1.0
275,enhanced-buzz-3771-1379009510-21.jpg,1.0
276,1002495_506684982740415_82709502_n.jpg,1.0
277,cryfoul.png,1.0
278,jerryBrownbribees.png,1.0
279,13 - 1 (1)(3).jpg,1.0
280,forehead phone.jpg,1.0
281,rainwash.png,1.0
282,_U63sfVLScNkSqg23X_7y9KmThRZM3FsQoocDonPMec.jpeg,1.0
283,DTsW-hmX4AA7Llh.jpg,1.0
284,wxey991cm_P9qG_rGkrjRGBozWsTSBI1rtYHsW-rExU.jpeg,1.0
285,IMG_20131117_102806.JPG,1.0
286,13 - 1 (5).jpg,1.0
287,9.jpg,1.0
288,boom.png,1.0
289,monroe.png,1.0
290,abusedLongEnough.jpg,1.0
291,14 - 1.gif,1.0
292,1385327_676249145741325_1441555201_n.png,1.0
293,DT74bGTXkAAJD5p.jpg,1.0
294,catwatchingtennis.gif,1.0
295,qanonMeme.png,1.0
296,2013-08-17 15.04.02.png,1.0
297,ay5dx9X_460sa.gif,1.0
298,anderson.png,1.0
299,anti_jack.png,1.0
300,13 - 1 (1)(8).jpg,1.0
301,you-ll-see-some-flapjacks-a3fe3231-sz550x684-animate.jpg,1.0
302,DUSBmchX0AAAVpg.jpg,1.0
303,633489_Lol_programmer_jpg069e06b7a8089f9ff488f6874dcf01cd.jpg,1.0
304,IMG_20130907_113435.JPG,1.0
305,naughty.jpg,1.0
306,027-funny-animal-pictures-with-captions-013-pandamonium.jpg,1.0
307,puppyspring.gif,1.0
308,IMG_20131018_065136.JPG,1.0
309,subtitles.png,1.0
310,DVpgUsIUMAAIfN_.jpg,1.0
311,obama1208928_728305687198887_1248392897_n.jpg,1.0
312,keep-an-eye-out.jpg,1.0
313,cardtrick.gif,1.0
314,IMG_20130830_131644.JPG,1.0
315,12js34.jpg,1.0
316,stuff.jpg,1.0
317,tickle.gif,1.0
318,judgementComing2.jpg,1.0
319,bringItBack.gif,1.0
320,shilling.jpg,1.0
321,2013 - 1(4).jpg,1.0
322,garb.png,1.0
323,highfivepro.gif,1.0
324,watchthewire.png,1.0
325,Google vs 911 Comic.jpg,1.0
326,huber.png,1.0
327,kevinDone.png,1.0
328,cbs.png,1.0
329,944524_10151559756578736_493439519_n.jpg,1.0
330,rr.png,1.0
331,blogaboutit.jpg,1.0
332,muellerstein.jpg,1.0
333,pedoPrison.png,1.0
334,specialwalking.gif,1.0
335,fixCountry.jpg,1.0
336,DTsSuGEWAAA6o-A.jpg,1.0
337,13 - 1 (2).jpg,1.0
338,drivingface.jpg,1.0
339,seals.png,1.0
340,DVaE7xiXcAAF_oz.jpg,1.0
341,hohoho.png,1.0
342,usmil.png,1.0
343,real.png,1.0
344,combHair.png,1.0
345,IMG-20130815-WA0002.jpg,1.0
346,fb.png,1.0
347,alexJones.png,1.0
348,13 - 1 (1)(4).jpg,1.0
349,IMG_20130901_072835.JPG,1.0
350,biblvs.jpg,1.0
351,13 - 1 (2)(2).jpg,1.0
352,IMG_20130819_063406.JPG,1.0
353,constitution.png,1.0
354,important.jpg,1.0
355,IMG_346775376351213.jpeg,1.0
356,facebook_1658561547.jpg,1.0
357,zuck.png,1.0
358,QZRNN7vF6biFrXPUbJwvENSgYkY_gadBW2kodfb3Ognn.jpeg,1.0
359,baderRise.png,1.0
360,_ (4).jpg,1.0
361,smartorflipphone.gif,1.0
362,feedingtime.gif,1.0
363,toiletpaper.jpg,1.0
364,1382111_10151716898273262_5918417_n.jpg,1.0
365,walklikeadinosaur.gif,1.0
366,DT70lKfW4AEJETD.jpg,1.0
367,IMG_5045.JPG,1.0
368,youvebeenQd.jpg,1.0
369,rockout.gif,1.0
370,IMG-20130801-WA0010.jpg,1.0
371,IMG_20131010_081049.JPG,1.0
372,catwithconeears.gif,1.0
373,2013 - 1(8).jpg,1.0
374,perspectivegif.gif,1.0
375,rapidFire.png,1.0
376,DTxjoHZUQAA6VIl.jpg,1.0
377,leaves.gif,1.0
378,13 - 1(2).jpg,1.0
379,both.gif,1.0
380,IMG_20131002_061210.JPG,1.0
381,IMG_20130906_092555.JPG,1.0
382,13 - 1.png,1.0
383,alert.png,1.0
384,13 - 1.jpg,1.0
385,guineapigs.gif,1.0
386,Doctor-Who-Dalek-Arm-Warmers.jpg,1.0
387,IMG_20131018_064835.JPG,1.0
388,seeYou.png,1.0
389,jfkChild.png,1.0
390,IMG_20131111_071712.JPG,1.0
391,newWord.png,1.0
392,pedomaher.png,1.0
393,bait.png,1.0
394,oswalt.jpg,1.0
395,IMG_20131003_075345.JPG,1.0
396,IMG_20131022_072103.JPG,1.0
397,Words cannot explain how relaxing this looks.jpg,1.0
398,suppression.jpg,1.0
399,dollar.jpg,1.0
400,13 - 1(3).jpg,1.0
401,DT7kk2PWAAICBmH.jpg,1.0
402,rituallyAb.png,1.0
403,UNnaz.png,1.0
404,839742222_80fbc3cb73_o.png,1.0
405,kslZIv14MdXWIAoi_t8jhh5yVCeeQJf1AWutp4O-E68.jpeg,1.0
406,collusionLie.png,1.0
407,happened.png,1.0
408,uranium.png,1.0
409,IMG_20131003_143542.JPG,1.0
410,22826_10151261331675560_514239748_n.jpg,1.0
411,DUU9LOgW4AYucyG.jpg,1.0
412,palceholder.png,1.0
413,jackson.jpg,1.0
414,aQpexeW_460s.jpg,1.0
415,burned.jpg,1.0
416,download_20130806_163204.jpg,1.0
417,13 - 1 (3)(2).jpg,1.0
418,gun.png,1.0
419,catinshades.gif,1.0
420,DT23GWPVMAEZC5v.jpg,1.0
421,crashcamel.gif,1.0
422,dementedcat.jpg,1.0
423,boo.gif,1.0
424,66790_509681225780172_441206379_n.jpg,1.0
425,denied.gif,1.0
426,IMG_20130813_190317.JPG,1.0
427,enhanced-buzz-25823-1379009452-11.jpg,1.0
428,swimmers-sperm-small-580x449.jpg,1.0
429,DU11aFPX4AEdLF_.jpg,1.0
430,takebacktheprize.png,1.0
431,launchrocketfail.gif,1.0
432,channels.png,1.0
433,1185213_580544445322173_1202864084_n.jpg,1.0
434,13 - 1 (2)(3).jpg,1.0
435,0rockysuperman.jpg,1.0
436,catstroking.gif,1.0
437,IMG_20130813_132403.JPG,1.0
438,funandgames.gif,1.0
439,13 - 1 (1)(5).jpg,1.0
440,abortion.jpg,1.0
441,1380506_562548037132519_796512300_n.jpg,1.0
442,force-choke.jpg,1.0
443,black.png,1.0
444,fishing.png,1.0
445,wherehaveyoubeen.jpg,1.0
446,DVyV0N9U8AAK2_x.jpg,1.0
447,boysvsgirls.jpg,1.0
448,IMG_20130913_111356.JPG,1.0
449,13 - 1 (6)(1).jpg,1.0
450,13 - 1 (3).jpg,1.0
451,MAC.png,1.0
452,evolutionandphilosophy.jpg,1.0
453,halper.png,1.0
454,DVnK5EZU8AAka_2.jpg,1.0
455,smellcolor9.jpg,1.0
456,goatridingtortoise.gif,1.0
457,generation gap by webbloggers.net.jpg,1.0
458,matrix.png,1.0
459,IMG-20130815-WA0004.jpg,1.0
460,woof.jpg,1.0
461,bringThePain.png,1.0
462,56 - 1.jpg,1.0
463,monday1175415_729817923714330_1710090732_n.jpg,1.0
464,google-girl(1).jpg,1.0
465,1184883_631024373630305_1288321586_n.jpg,1.0
466,2013 - 1(5).jpg,1.0
467,13 - 1(14).jpg,1.0
468,IMG_346684154132392.jpeg,1.0
469,guess.png,1.0
470,will.png,1.0
471,getin.gif,1.0
472,big.png,1.0
473,usetheforce(2).gif,1.0
474,IMG_20131018_064749.JPG,1.0
475,e5f65692-84d6-4f57-8d62-39fcc0984b5a.png,1.0
476,alert2.png,1.0
477,IMG-20130827-WA0000.jpg,1.0
478,IMG_20131003_075757.JPG,1.0
479,sking.png,1.0
480,53-47.png,1.0
481,IMG_20130820_131014.JPG,1.0
482,bitchimfabulous.gif,1.0
483,54bit.png,1.0
484,IMG_20130905_145952.JPG,1.0
485,vfdfsdfdfd.jpg,1.0
486,IMG-20130901-WA0011.jpg,1.0
487,IMG_20130820_001909.JPG,1.0
488,GITMM.png,1.0
489,BpeWV1Z5IPKda8inljDP7Kmn7WfQC5EjASgBLV91S0E.jpeg,1.0
490,shockhorror.gif,1.0
491,winnngg.png,1.0
492,wrapitup.gif,1.0
493,IMG_20131010_080943.JPG,1.0
494,activatefd.png,1.0
495,DUPFNaKWsAMdb0N.jpg,1.0
496,yourebothcrap.gif,1.0
497,yougetanEnvelope.png,1.0
498,blurgh.gif,1.0
499,computersaremade.jpg,1.0
500,FATTER.png,1.0
501,1197958073_1194412128_0101.jpg,1.0
502,godspeed.png,1.0
503,film.png,1.0
504,enhanced-buzz-5730-1379009547-8.jpg,1.0
505,IMG_20130819_063430.JPG,1.0
506,titani.png,1.0
507,pissed.png,1.0
508,2013 - 1(6).jpg,1.0
509,5PwY-ACu8lmlEO9qbqJVcoPjpxUWSmRU-joxNvykY7A.jpeg,1.0
510,XOeTBeJ2BBpOPgYSb7XWSpiAd6jR0bZz932UBGmg53k.jpeg,1.0
511,cummings.png,1.0
512,donjr.png,1.0
513,usetheforce(1).gif,1.0
514,declas.png,1.0
515,lionel.png,1.0
516,homade.jpg,1.0
517,IMG_20130906_093251.JPG,1.0
518,DTt3GYaVQAAPBru.jpg,1.0
519,signlanguage.gif,1.0
520,1173896_621220427899701_2064484931_n.jpg,1.0
521,download_20130806_163236.jpg,1.0
522,macron.png,1.0
523,IMG_39692543515436.jpeg,1.0
524,corps.png,1.0
525,Screen Shot 2013-10-18 at 16.23.31.png,1.0
526,IMG_20131002_221719.JPG,1.0
527,please dont disturb me.gif,1.0
528,IMG_20131104_154939.JPG,1.0
529,IMG-20130822-WA0009.jpg,1.0
530,descarga.jpg,1.0
531,IQ.png,1.0
532,roseanne.png,1.0
533,stormyOIG.png,1.0
534,IMG_20131114_222919.JPG,1.0
535,DUJykp9WsAE9GYZ.jpg,1.0
536,CNN.png,1.0
537,1186104_576589339053562_1633370143_n.jpg,1.0
538,iy9v.png,1.0
539,IMG_20131104_155628.JPG,1.0
540,turnthemoff.png,1.0
541,can explain.jpg,1.0
542,h8E9BEE86.jpg,1.0
543,D5.png,1.0
544,ranteeria.png,1.0
545,youarethenews.jpg,1.0
546,IMG-20130802-WA0002.jpg,1.0
547,IMG_36425814305473.jpeg,1.0
548,SNOOP.png,1.0
549,sheepNoMore.png,1.0
550,skirtfail.gif,1.0
551,13 - 1 (3)(1).jpg,1.0
552,jawdropping.gif,1.0
553,catfoam.jpg,1.0
554,cnnOriginal.png,1.0
555,IMG_20130907_114741.JPG,1.0
556,jumprope.gif,1.0
557,Drawntogethers01e02_05.png,1.0
558,woops.png,1.0
559,nono.gif,1.0
560,IMG_20130828_080417.JPG,1.0
561,DVC8juaXUAESDQ8.jpg,1.0
562,prepareToLand.png,1.0
563,c8Rwp.gif,1.0
564,969600_359316244197947_2135746681_n.jpg,1.0
565,titanicWeKnow.jpg,1.0
566,comprehend.png,1.0
567,IMG_20130915_084404.JPG,1.0
568,1380427_636689973020748_1006738612_n.jpg,1.0
569,IMG_20130806_062327.JPG,1.0
570,rocket.png,1.0
571,13 - 1 (1)(6).jpg,1.0
572,chair.png,1.0
573,IMG_20130902_193818.JPG,1.0
574,stuntgolfer.gif,1.0
575,IMG_3575.JPG,1.0
576,ben10-omnitrix-watch-437x242-custom.jpg,1.0
577,comingWeeks.jpg,1.0
578,75529_583770218338527_1565320352_n.jpg,1.0
579,coincidence.gif,1.0
580,13 - 1 (1).jpg,1.0
581,funestdog.jpg,1.0
582,snowwhitesheadexplodes.gif,1.0
583,overthrowMe.png,1.0
584,takeabow.gif,1.0
585,whostoleyourbike.jpg,1.0
586,flyMaggie.png,1.0
587,slowclap.gif,1.0
588,jarhead.jpg,1.0
589,1005475_287248014746367_1904938948_n.jpg,1.0
590,goddan.png,1.0
591,berlinwall.png,1.0
592,13 - 1 (1)(7).jpg,1.0
593,IMG_20131018_065059.JPG,1.0
594,download (4).jpg,1.0
595,farminBabies.png,1.0
596,f8.png,1.0
597,DUhe4A5VQAAJI-f.jpg,1.0
598,IMG_20131108_234416.JPG,1.0
599,13 - 1 (2)(1).jpg,1.0
600,youKnewThat(1).jpg,1.0
601,believe.png,1.0
602,TR5P(1).jpg,1.0
603,IMG-20130813-WA0005.jpg,1.0
604,IMG_20130815_003839.JPG,1.0
605,sessionsCroc.png,1.0
606,littlebusy.gif,1.0
607,iranians.png,1.0
608,hrcvideo.jpg,1.0
609,crumbles.png,1.0
610,tankcat.gif,1.0
611,joeXmas.png,1.0
612,wehavetheServer.png,1.0
613,muellerBarr.jpg,1.0
614,IMG-20130801-WA0008.jpg,1.0
615,IMG_20131018_064959.JPG,1.0
616,exactly.gif,1.0
617,handlethetruth.gif,1.0
618,DXe1vFXUMAEdOMU.jpg,1.0
619,DUKiVukWAAAcLRw.jpg,1.0
620,alecTrump.png,1.0
621,Seems_2BLegit_2B-_2BWorking_2BOut_2BChanges_2BYour_2BRace_2BNow_2BToo_large.jpg,1.0
622,stormBritain.png,1.0
623,ground.jpg,1.0
624,Boy-That-Escalated-Quickly-Anchorman.gif,1.0
625,OxB_wk6nfR_sc6K39Cgjmx-YmztN_q_Ilzy1x37p77g.jpeg,1.0
626,trustyourgps.jpg,1.0
627,13 - 1(1).jpg,1.0
628,ultimatebaseballpitch.gif,1.0
629,kennedyjusti.png,1.0
630,iGsxGMHj0RwXxc0wagkUq5haDlTUOOP2AVjwG359dZM.jpeg,1.0
631,just look.jpg,1.0
632,IMG_20130901_072347.JPG,1.0
633,divesting.png,1.0
634,IMG-20130821-WA0015.jpg,1.0
635,13 - 1(1).png,1.0
636,DUaBLqUX0AAl3Bt.jpg,1.0
637,portal_n.jpg,1.0
638,18.jpg,1.0
639,IMG_20130906_092956.JPG,1.0
640,staplewater.png,1.0
641,DVCHYNuVAAA7hEs.jpg,1.0
642,IMG_20131018_064813.JPG,1.0
643,pedomwilson.png,1.0
644,xbox.png,1.0
645,IMG_20131002_203609.JPG,1.0
646,arielinspired.gif,1.0
647,wall.png,1.0
648,Dream Big.jpg,1.0
649,Doctor_Who-Dalek_Shower_Sign.jpg,1.0
650,IMG_20131104_155410.JPG,1.0
651,537199_600388706673368_1706779852_n.jpg,1.0
652,003a75cf599e9b24b6951f731eaee7d2.jpeg,1.0
653,1157640_560830327322724_1236679818_n.jpg,1.0
654,SPIES.png,1.0
655,1458690_633637160012315_98233996_n.jpg,1.0
656,Picture136.jpg,1.0
657,wayoflife.jpg,1.0
658,1383023_10151749982246655_321503386_n.jpg,1.0
659,crash.png,1.0
660,7-11.jpg,1.0
661,DTwdvFaUQAADjqN.jpg,1.0
662,adorable-dogs-44.jpg,1.0
663,choices.png,1.0
664,best.png,1.0
665,rowanatkinsononkeyboards.gif,1.0
666,drunken boy_0.jpg,1.0
667,modernFamily.png,1.0
668,annCoulter.jpg,1.0
669,backgroundmusic.gif,1.0
670,IMG_20130817_104717.JPG,1.0
671,I3ewotiB6KMD4a6u6iUdHobUWSAwy6HcfjTuI1-Yw7A.jpeg,1.0
672,JkieB_MaLSMwuH8t45XidD00y6MY-rGugtQdnSCIMAg.jpeg,1.0
673,2013 - 1(7).jpg,1.0
674,human.png,1.0
675,despicablekick.gif,1.0
676,drift.gif,1.0
677,enhanced-buzz-26752-1379009359-8.jpg,1.0
678,46jit.jpg,1.0
679,ytComment.png,1.0
680,declasRosen.png,1.0
681,calmbeforethestorm.jpg,1.0
682,trust.jpg,1.0
683,facebook-friends.jpg,1.0
684,trust.png,1.0
685,juggleandsurf.gif,1.0
686,snortakitten.gif,1.0
687,qdrops.png,1.0
688,533216_10202097199620605_1328565652_n.jpg,1.0
689,1378768_652979624768113_1316002649_n.png,1.0
690,stealthkitten.gif,1.0
691,eS5IkwX.gif,1.0
692,4.jpg,1.0
693,stopsignrgb.jpg,1.0
694,BS1u6ywCUAAuzML.png,1.0
695,DULHxSsW0AYLU-0.jpg,1.0
696,needalight.gif,1.0
697,devhumor_com_superhero.webp,1.0
698,1391664_680490451971969_1665713981_n.jpg,1.0
699,IMG_20131019_153657.JPG,1.0
700,mine.gif,1.0
701,13 - 1(6).jpg,1.0
702,DT4XBDbUMAEXogC.jpg,1.0
703,ThisIsFine.jpg,1.0
704,Special_Effect_-_Explosion.gif,1.0
705,2013 - 1.jpg,1.0
706,google-girl.jpg,1.0
707,IMG_20130830_100626.JPG,1.0
708,mandela.png,1.0
709,donoghue.png,1.0
710,IMG_20131018_064915.JPG,1.0
711,trai.png,1.0
712,101347944_large_066726__Dog_leto_simpotichnaya_shlyapka_sobaka_.jpg,1.0
713,gabCover.png,1.0
714,{785FDCFE-6CC2-4934-9673-03216E9D592A} (1).jpg,1.0
715,2013 - 1.png,1.0
716,ATT00856.jpg,1.0
717,skeltons.png,1.0
718,Qtrust.png,1.0
719,ab59f28a5bc843f7a8b069f257134728.jpg,1.0
720,phase5.png,1.0
721,losers.png,1.0
722,maxine.png,1.0
723,TR5P.jpg,1.0
724,DTwCQ_qVMAA9c2f.jpg,1.0
725,DTw1KX8WkAElp8G.jpg,1.0
726,timetoStart.jpg,1.0
727,sandberg.png,1.0
728,IMG_20130920_110515.JPG,1.0
729,IMG-20130914-WA0001.jpg,1.0
730,ginsburgMuseum.jpg,1.0
731,redpillLiberals.png,1.0
732,dogstealsbra.gif,1.0
733,IMG_20130829_194334.JPG,1.0
734,wrapUp.png,1.0
735,1383635_10151871713094214_136798549_n.jpg,1.0
736,Arnold.jpg,1.0
737,dafuq-do-you-mean-theres-no-coffee.jpg,1.0
738,13 - 1 (6).jpg,1.0
739,michael.png,1.0
740,5.jpg,1.0
741,DUfCbBJWsAEVSQZ.jpg,1.0
742,DUZXmsFW0AAfftj.jpg,1.0
743,sleepanywhere.gif,1.0
744,IMG_20130906_214250.JPG,1.0
745,camerongangsta.jpg,1.0
746,1002911_387869458012456_442221612_n.jpg,1.0
747,usetheforce.gif,1.0
748,IMG_20131025_234858.JPG,1.0
749,IMG_20130807_234458.JPG,1.0
750,suckmy.gif,1.0
751,listofFires.png,1.0
752,13 - 1(11).jpg,1.0
753,IMG_20131002_221552.JPG,1.0
754,1017014_569059299822565_1182262010_n.jpg,1.0
755,spoonfeed.png,1.0
756,brtain.png,1.0
757,oigreport.png,1.0
758,dPDFqM1_U8G289tgBr8x47t9L4SW0AIrIipQwEwdeejD.jpeg,1.0
759,IMG_20131018_064725.JPG,1.0
760,noonestop.png,1.0
761,tardmark.gif,1.0
762,DVcB56MV4AA4OTp.jpg,1.0
763,obamaIsis.png,1.0
764,hiiiifive.gif,1.0
765,assaulted.png,1.0
766,mccabe.jpg,1.0
767,zorbingfootball.gif,1.0
768,IMG_20130829_205509.JPG,1.0
769,DTwxFy7W4AECdu5.jpg,1.0
770,divingkitty.gif,1.0
771,drinkwithmoderation.gif,1.0
772,obamaKim.png,1.0
773,judgement.png,1.0
774,IMG_4053.JPG,1.0
775,start-again-motivation.jpg,1.0
776,Puppy-Love-puppy-love-dog-1024x768.jpg,1.0
777,DTrpAEgWsAAKwCn.jpg,1.0
778,IMG_20130901_071614.JPG,1.0
779,homade(1).jpg,1.0
780,IMG_20130820_131440.JPG,1.0
781,1175473_10153167111135433_1553345586_n.jpg,1.0
782,i_vkSMt9IPrtNNO3v1EM7V6TFjZ4vGOYOrM_rfYU5TOn.png,1.0
783,2.jpg,1.0
784,IMG_20131117_102825.JPG,1.0
785,IMG_20130830_034142.JPG,1.0
786,wheresRuth.jpg,1.0
787,IMG-20130808-WA0000.jpg,1.0
788,IMG_20130907_113115.JPG,1.0
789,DVpiVV9UQAAeriw.jpg,1.0
790,IMG_20130819_063737.JPG,1.0
791,lionKing.gif,1.0
792,scroll.png,1.0
793,baetty.png,1.0
794,justice.png,1.0
795,yoga.jpg,1.0
796,best-funny-cute-kitten-quotes-sayings-pictures.jpg,1.0
797,catgoat.jpg,1.0
798,gsmarena_001-640x501.jpg,1.0
799,tvdancing.gif,1.0
800,royals.png,1.0
801,IMG_20130925_173503.JPG,1.0
802,Svw7vt7.png,1.0
803,funny-barbecue-cook-clever.jpg,1.0
804,number3.gif,1.0
805,DULB-rAXkAERR0C.jpg,1.0
806,ec582b55c6e5ee237c569470f1d3b47c.jpg,1.0
807,tuesdog.jpg,1.0
808,I can explain.jpg,1.0
809,DEEAL.png,1.0
810,pasta.png,1.0
811,IMG_20131004_102248.JPG,1.0
812,sticker.png,1.0
813,weirdfingers.gif,1.0
814,message.png,1.0
815,IMG_20130831_090128.JPG,1.0
816,why.gif,1.0
817,nailfiling.gif,1.0
818,beer.gif,1.0
819,feinstein.png,1.0
820,CnH - myblood.png,1.0
821,2013 - 1(1).jpg,1.0
822,13 - 1(10).jpg,1.0
823,luckDragon.png,1.0
824,stopFightIng.png,1.0
825,pumpkin.png,1.0
826,miley.png,1.0
827,16.10.13 - 1.jpg,1.0
828,wwg1wga.png,1.0
829,fbLifeLog.png,1.0
830,1234423_592688857453036_1481668709_n.jpg,1.0
831,treason.jpg,1.0
832,peace.png,1.0
833,DUVWxm-X0AE0Cyz.jpg,1.0
834,isawitontheinternet.gif,1.0
835,upTheChain.png,1.0
836,IMG_20130929_141118.JPG,1.0
837,weinerattack.gif,1.0
838,ruth.jpg,1.0
839,learn16yr.png,1.0
840,DTxsm4WXcAEMGKL.jpg,1.0
841,playwithyourpussy.jpg,1.0
842,blackhat.png,1.0
843,IMG-20130808-WA0001.jpg,1.0
844,ruth.png,1.0
845,tisSeason.png,1.0
846,S4rOWd4BFO5OLvbIaCLGI8p2zwuvCZoYpFeaEqAGJLY.jpeg,1.0
847,13 - 1 (7).jpg,1.0
848,shortfall.gif,1.0
849,finallyBeStrong.png,1.0
850,Lazy.jpg,1.0
851,bozoz.png,1.0
852,HOGG_Nra.png,1.0
853,DVcwN-lWAAAC4j2.jpg,1.0
854,13 - 1 (1)(1).jpg,1.0
855,Image.jpg,1.0
856,daylost.png,1.0
857,puppyshow.jpg,1.0
858,toxicworkenvironment.gif,1.0
859,baderRecord.jpg,1.0
860,1002511_821727181991_1830492083_n.jpg,1.0
861,IMG_20130916_074010.JPG,1.0
862,TXELGdVc2S-F7lMvDLY9isFtNWNQLGxI8lnAIYbOzw.jpeg,1.0
863,bear.jpg,1.0
864,LEAKER.png,1.0
865,5eyes.png,1.0
866,IMG_20130801_235206.JPG,1.0
867,rabbiut.png,1.0
868,tumblr_msurolAsq91qz4yloo1_500.jpg,1.0
869,50668.jpg,1.0
870,IMG_20131030_061721.JPG,1.0
871,yologangnam.gif,1.0
872,asilent.png,1.0
873,rogers.png,1.0
874,DECLASBOMB.png,1.0
875,1235338_523406051073748_1747146301_n.jpg,1.0
876,q.png,1.0
877,13 - 1(7).jpg,1.0
878,IMG_20131008_071433.JPG,1.0
879,dogs11.JPG,1.0
880,fixed.png,1.0
881,shambuzz.gif,1.0
882,1186075_738359006193555_1935554128_n.jpg,1.0
883,turnoffkitten.gif,1.0
884,{785FDCFE-6CC2-4934-9673-03216E9D592A}.jpg,1.0
885,Drunk-Social-Media-infographic.jpg,1.0
886,magaPartyHat.png,1.0
887,creepyGuy.gif,1.0
888,IMG_20131002_222100.JPG,1.0
